{ "frames": {
   "beetle 0.aseprite": {
    "frame": { "x": 0, "y": 0, "w": 60, "h": 56 },
    "rotated": false,
    "trimmed": false,
    "spriteSourceSize": { "x": 0, "y": 0, "w": 60, "h": 56 },
    "sourceSize": { "w": 60, "h": 56 },
    "duration": 150
   },
   "beetle 1.aseprite": {
    "frame": { "x": 60, "y": 0, "w": 60, "h": 56 },
    "rotated": false,
    "trimmed": false,
    "spriteSourceSize": { "x": 0, "y": 0, "w": 60, "h": 56 },
    "sourceSize": { "w": 60, "h": 56 },
    "duration": 150
   },
   "beetle 2.aseprite": {
    "frame": { "x": 120, "y": 0, "w": 60, "h": 56 },
    "rotated": false,
    "trimmed": false,
    "spriteSourceSize": { "x": 0, "y": 0, "w": 60, "h": 56 },
    "sourceSize": { "w": 60, "h": 56 },
    "duration": 150
   },
   "beetle 3.aseprite": {
    "frame": { "x": 180, "y": 0, "w": 60, "h": 56 },
    "rotated": false,
    "trimmed": false,
    "spriteSourceSize": { "x": 0, "y": 0, "w": 60, "h": 56 },
    "sourceSize": { "w": 60, "h": 56 },
    "duration": 150
   },
   "beetle 4.aseprite": {
    "frame": { "x": 0, "y": 56, "w": 60, "h": 56 },
    "rotated": false,
    "trimmed": false,
    "spriteSourceSize": { "x": 0, "y": 0, "w": 60, "h": 56 },
    "sourceSize": { "w": 60, "h": 56 },
    "duration": 150
   },
   "beetle 5.aseprite": {
    "frame": { "x": 60, "y": 56, "w": 60, "h": 56 },
    "rotated": false,
    "trimmed": false,
    "spriteSourceSize": { "x": 0, "y": 0, "w": 60, "h": 56 },
    "sourceSize": { "w": 60, "h": 56 },
    "duration": 150
   },
   "beetle 6.aseprite": {
    "frame": { "x": 120, "y": 56, "w": 60, "h": 56 },
    "rotated": false,
    "trimmed": false,
    "spriteSourceSize": { "x": 0, "y": 0, "w": 60, "h": 56 },
    "sourceSize": { "w": 60, "h": 56 },
    "duration": 150
   },
   "beetle 7.aseprite": {
    "frame": { "x": 180, "y": 56, "w": 60, "h": 56 },
    "rotated": false,
    "trimmed": false,
    "spriteSourceSize": { "x": 0, "y": 0, "w": 60, "h": 56 },
    "sourceSize": { "w": 60, "h": 56 },
    "duration": 150
   },
   "beetle 8.aseprite": {
    "frame": { "x": 0, "y": 112, "w": 60, "h": 56 },
    "rotated": false,
    "trimmed": false,
    "spriteSourceSize": { "x": 0, "y": 0, "w": 60, "h": 56 },
    "sourceSize": { "w": 60, "h": 56 },
    "duration": 150
   },
   "beetle 9.aseprite": {
    "frame": { "x": 60, "y": 112, "w": 60, "h": 56 },
    "rotated": false,
    "trimmed": false,
    "spriteSourceSize": { "x": 0, "y": 0, "w": 60, "h": 56 },
    "sourceSize": { "w": 60, "h": 56 },
    "duration": 150
   },
   "beetle 10.aseprite": {
    "frame": { "x": 120, "y": 112, "w": 60, "h": 56 },
    "rotated": false,
    "trimmed": false,
    "spriteSourceSize": { "x": 0, "y": 0, "w": 60, "h": 56 },
    "sourceSize": { "w": 60, "h": 56 },
    "duration": 150
   },
   "beetle 11.aseprite": {
    "frame": { "x": 180, "y": 112, "w": 60, "h": 56 },
    "rotated": false,
    "trimmed": false,
    "spriteSourceSize": { "x": 0, "y": 0, "w": 60, "h": 56 },
    "sourceSize": { "w": 60, "h": 56 },
    "duration": 150
   },
   "beetle 12.aseprite": {
    "frame": { "x": 0, "y": 168, "w": 60, "h": 56 },
    "rotated": false,
    "trimmed": false,
    "spriteSourceSize": { "x": 0, "y": 0, "w": 60, "h": 56 },
    "sourceSize": { "w": 60, "h": 56 },
    "duration": 150
   },
   "beetle 13.aseprite": {
    "frame": { "x": 60, "y": 168, "w": 60, "h": 56 },
    "rotated": false,
    "trimmed": false,
    "spriteSourceSize": { "x": 0, "y": 0, "w": 60, "h": 56 },
    "sourceSize": { "w": 60, "h": 56 },
    "duration": 150
   },
   "beetle 14.aseprite": {
    "frame": { "x": 120, "y": 168, "w": 60, "h": 56 },
    "rotated": false,
    "trimmed": false,
    "spriteSourceSize": { "x": 0, "y": 0, "w": 60, "h": 56 },
    "sourceSize": { "w": 60, "h": 56 },
    "duration": 150
   },
   "beetle 15.aseprite": {
    "frame": { "x": 180, "y": 168, "w": 60, "h": 56 },
    "rotated": false,
    "trimmed": false,
    "spriteSourceSize": { "x": 0, "y": 0, "w": 60, "h": 56 },
    "sourceSize": { "w": 60, "h": 56 },
    "duration": 150
   }
 },
 "meta": {
  "app": "https://www.aseprite.org/",
  "version": "1.2.40-x64",
  "image": "beetle.png",
  "format": "RGBA8888",
  "size": { "w": 240, "h": 224 },
  "scale": "1",
  "frameTags": [
   { "name": "down", "from": 0, "to": 3, "direction": "forward" },
   { "name": "left", "from": 4, "to": 7, "direction": "forward" },
   { "name": "right", "from": 8, "to": 11, "direction": "forward" },
   { "name": "up", "from": 12, "to": 15, "direction": "forward" }
  ],
  "layers": [
   { "name": "sombra", "opacity": 255, "blendMode": "normal" },
   { "name": "Layer 3", "opacity": 255, "blendMode": "normal" },
   { "name": "Layer 2", "opacity": 255, "blendMode": "normal" }
  ],
  "slices": [
  ]
 }
}
